EXP.INC,n,mean_temp,se_temp
Control,86,14.867151055232558,0.2543609098304639
Heated,85,17.916592168352942,0.31637609043757847
