term,df,sum_of_squares,F_value,p_value
EXP.INC,1,356.9755827416268,112.44387303579437,2.1884717671493837e-20
YEAR,3,660.6228660244166,69.36328165761124,3.98661019551706e-29
