response,response_label,model_name,term,estimate,std_error,statistic,p_value
D8_MASS,Day-8 body mass,interaction_gaussian,EXP.INCHeated:EXP.NESTHeated,0.3005360208978926,0.4934363238050494,0.6090674853046097,0.5424797083144908
D12_MASS,Day-12 body mass,interaction_gaussian,EXP.INCHeated:EXP.NESTHeated,0.6514041001038443,0.4567486167964338,1.4261764045892351,0.15381742871376355
Early.g,Early growth,interaction_gaussian,EXP.INCHeated:EXP.NESTHeated,0.0366416906958555,0.07826017089014023,0.46820356100796456,0.6396390258657162
Late.g,Late growth,interaction_gaussian,EXP.INCHeated:EXP.NESTHeated,-0.016249320100066213,0.09633671259125264,-0.1686721465056682,0.8660545287017931
Growth,Whole-period growth,interaction_gaussian,EXP.INCHeated:EXP.NESTHeated,0.04355343876758446,0.04986944468395473,0.8733491829235785,0.38247278041120825
D12_SMI,Day-12 scaled mass index,interaction_gaussian,EXP.INCHeated:EXP.NESTHeated,0.732575631588671,0.41890866799448134,1.7487717193723045,0.08033048714370332
D12_RTARS,Day-12 tarsus length,interaction_gaussian,EXP.INCHeated:EXP.NESTHeated,-0.024137625949140356,0.18821352904236777,-0.12824596654636267,0.8979543243342986
D12_SURV,Day-12 survival,interaction_binomial,EXP.INCHeated:EXP.NESTHeated,0.2968422797684288,1.8604604903151551,0.1595531220972851,0.8732331089253172
