term,estimate,std_error,statistic,p_value,residual_df,n
EXP.INCHeated,2.9010877060236457,0.2735854272337254,10.603955537241506,2.188471767149133e-20,166,171
